"","Name","Month","Year","Member","Total","Region","long","lat"
"1","A",1,2013,2,41,"Northland",174.3223,-35.7047
"2","A",2,2013,2,3,"Northland",174.3223,-35.7047
"3","A",3,2013,2,9,"Northland",174.3223,-35.7047
"4","A",4,2013,2,39,"Northland",174.3223,-35.7047
"5","A",5,2013,2,10,"Northland",174.3223,-35.7047
"6","A",6,2013,2,27,"Northland",174.3223,-35.7047
"7","A",7,2013,2,8,"Northland",174.3223,-35.7047
"8","A",8,2013,2,25,"Northland",174.3223,-35.7047
"9","A",9,2013,2,22,"Northland",174.3223,-35.7047
"10","A",10,2013,2,5,"Northland",174.3223,-35.7047
"11","A",11,2013,2,5,"Northland",174.3223,-35.7047
"12","A",12,2013,2,33,"Northland",174.3223,-35.7047
"13","A",1,2014,2,5,"Northland",174.3223,-35.7047
"14","A",2,2014,2,11,"Northland",174.3223,-35.7047
"15","A",3,2014,2,46,"Northland",174.3223,-35.7047
"16","A",4,2014,2,29,"Northland",174.3223,-35.7047
"17","A",5,2014,2,4,"Northland",174.3223,-35.7047
"18","A",6,2014,2,6,"Northland",174.3223,-35.7047
"19","A",7,2014,2,30,"Northland",174.3223,-35.7047
"20","A",8,2014,2,16,"Northland",174.3223,-35.7047
"21","A",9,2014,2,45,"Northland",174.3223,-35.7047
"22","A",10,2014,2,4,"Northland",174.3223,-35.7047
"23","A",11,2014,2,17,"Northland",174.3223,-35.7047
"24","A",12,2014,2,39,"Northland",174.3223,-35.7047
"25","A",1,2015,2,43,"Northland",174.3223,-35.7047
"26","A",2,2015,2,10,"Northland",174.3223,-35.7047
"27","A",3,2015,2,1,"Northland",174.3223,-35.7047
"28","A",4,2015,2,46,"Northland",174.3223,-35.7047
"29","A",5,2015,2,26,"Northland",174.3223,-35.7047
"30","A",6,2015,2,23,"Northland",174.3223,-35.7047
"31","A",7,2015,2,10,"Northland",174.3223,-35.7047
"32","A",8,2015,2,41,"Northland",174.3223,-35.7047
"33","A",9,2015,2,42,"Northland",174.3223,-35.7047
"34","A",10,2015,2,40,"Northland",174.3223,-35.7047
"35","A",11,2015,2,44,"Northland",174.3223,-35.7047
"36","A",12,2015,2,47,"Northland",174.3223,-35.7047
"37","A",1,2016,2,46,"Northland",174.3223,-35.7047
"38","A",2,2016,2,16,"Northland",174.3223,-35.7047
"39","A",3,2016,2,48,"Northland",174.3223,-35.7047
"40","A",4,2016,2,34,"Northland",174.3223,-35.7047
"41","A",5,2016,2,20,"Northland",174.3223,-35.7047
"42","A",6,2016,2,29,"Northland",174.3223,-35.7047
"43","A",7,2016,2,19,"Northland",174.3223,-35.7047
"44","A",8,2016,2,3,"Northland",174.3223,-35.7047
"45","A",9,2016,2,23,"Northland",174.3223,-35.7047
"46","A",10,2016,2,49,"Northland",174.3223,-35.7047
"47","A",11,2016,2,49,"Northland",174.3223,-35.7047
"48","A",12,2016,2,27,"Northland",174.3223,-35.7047
"49","A",1,2017,2,29,"Northland",174.3223,-35.7047
"50","A",2,2017,2,43,"Northland",174.3223,-35.7047
"51","A",3,2017,2,1,"Northland",174.3223,-35.7047
"52","A",4,2017,2,34,"Northland",174.3223,-35.7047
"53","A",5,2017,2,1,"Northland",174.3223,-35.7047
"54","A",6,2017,2,21,"Northland",174.3223,-35.7047
"55","A",7,2017,2,16,"Northland",174.3223,-35.7047
"56","A",8,2017,2,41,"Northland",174.3223,-35.7047
"57","A",9,2017,2,13,"Northland",174.3223,-35.7047
"58","A",10,2017,2,39,"Northland",174.3223,-35.7047
"59","A",11,2017,2,1,"Northland",174.3223,-35.7047
"60","A",12,2017,2,48,"Northland",174.3223,-35.7047
"61","A",1,2018,2,10,"Northland",174.3223,-35.7047
"62","A",2,2018,2,42,"Northland",174.3223,-35.7047
"63","A",3,2018,2,8,"Northland",174.3223,-35.7047
"64","A",4,2018,2,37,"Northland",174.3223,-35.7047
"65","A",5,2018,2,31,"Northland",174.3223,-35.7047
"66","A",6,2018,2,19,"Northland",174.3223,-35.7047
"67","A",7,2018,2,16,"Northland",174.3223,-35.7047
"68","A",8,2018,2,45,"Northland",174.3223,-35.7047
"69","A",9,2018,2,14,"Northland",174.3223,-35.7047
"70","A",10,2018,2,43,"Northland",174.3223,-35.7047
"71","A",11,2018,2,33,"Northland",174.3223,-35.7047
"72","A",12,2018,2,9,"Northland",174.3223,-35.7047
"73","A",1,2019,2,0,"Northland",174.3223,-35.7047
"74","A",2,2019,2,19,"Northland",174.3223,-35.7047
"75","A",3,2019,2,47,"Northland",174.3223,-35.7047
"76","A",4,2019,2,2,"Northland",174.3223,-35.7047
"77","A",5,2019,2,46,"Northland",174.3223,-35.7047
"78","A",6,2019,2,15,"Northland",174.3223,-35.7047
"79","A",7,2019,2,49,"Northland",174.3223,-35.7047
"80","A",8,2019,2,3,"Northland",174.3223,-35.7047
"81","A",9,2019,2,33,"Northland",174.3223,-35.7047
"82","A",10,2019,2,22,"Northland",174.3223,-35.7047
"83","A",11,2019,2,47,"Northland",174.3223,-35.7047
"84","A",12,2019,2,25,"Northland",174.3223,-35.7047
"85","A",1,2020,2,32,"Northland",174.3223,-35.7047
"86","A",2,2020,2,8,"Northland",174.3223,-35.7047
"87","A",3,2020,2,23,"Northland",174.3223,-35.7047
"88","A",4,2020,2,34,"Northland",174.3223,-35.7047
"89","A",5,2020,2,46,"Northland",174.3223,-35.7047
"90","A",6,2020,2,24,"Northland",174.3223,-35.7047
"91","A",7,2020,2,17,"Northland",174.3223,-35.7047
"92","A",8,2020,2,34,"Northland",174.3223,-35.7047
"93","A",9,2020,2,12,"Northland",174.3223,-35.7047
"94","A",10,2020,2,44,"Northland",174.3223,-35.7047
"95","A",11,2020,2,4,"Northland",174.3223,-35.7047
"96","A",12,2020,2,15,"Northland",174.3223,-35.7047
"97","B",1,2014,2,7,"Auckland",174.6724,-36.9055
"98","B",2,2014,2,20,"Auckland",174.6724,-36.9055
"99","B",3,2014,2,17,"Auckland",174.6724,-36.9055
"100","B",4,2014,2,2,"Auckland",174.6724,-36.9055
"101","B",5,2014,2,30,"Auckland",174.6724,-36.9055
"102","B",6,2014,2,0,"Auckland",174.6724,-36.9055
"103","B",7,2014,2,6,"Auckland",174.6724,-36.9055
"104","B",8,2014,2,18,"Auckland",174.6724,-36.9055
"105","B",9,2014,2,41,"Auckland",174.6724,-36.9055
"106","B",10,2014,2,13,"Auckland",174.6724,-36.9055
"107","B",11,2014,2,13,"Auckland",174.6724,-36.9055
"108","B",12,2014,2,9,"Auckland",174.6724,-36.9055
"109","B",1,2015,2,2,"Auckland",174.6724,-36.9055
"110","B",2,2015,2,13,"Auckland",174.6724,-36.9055
"111","B",3,2015,2,22,"Auckland",174.6724,-36.9055
"112","B",4,2015,2,42,"Auckland",174.6724,-36.9055
"113","B",5,2015,2,44,"Auckland",174.6724,-36.9055
"114","B",6,2015,2,11,"Auckland",174.6724,-36.9055
"115","B",7,2015,2,11,"Auckland",174.6724,-36.9055
"116","B",8,2015,2,11,"Auckland",174.6724,-36.9055
"117","B",9,2015,2,6,"Auckland",174.6724,-36.9055
"118","B",10,2015,2,19,"Auckland",174.6724,-36.9055
"119","B",11,2015,2,36,"Auckland",174.6724,-36.9055
"120","B",12,2015,2,4,"Auckland",174.6724,-36.9055
"121","B",1,2016,2,4,"Auckland",174.6724,-36.9055
"122","B",2,2016,2,28,"Auckland",174.6724,-36.9055
"123","B",3,2016,2,46,"Auckland",174.6724,-36.9055
"124","B",4,2016,2,43,"Auckland",174.6724,-36.9055
"125","B",5,2016,2,39,"Auckland",174.6724,-36.9055
"126","B",6,2016,2,37,"Auckland",174.6724,-36.9055
"127","B",7,2016,2,10,"Auckland",174.6724,-36.9055
"128","B",8,2016,2,42,"Auckland",174.6724,-36.9055
"129","B",9,2016,2,45,"Auckland",174.6724,-36.9055
"130","B",10,2016,2,14,"Auckland",174.6724,-36.9055
"131","B",11,2016,2,34,"Auckland",174.6724,-36.9055
"132","B",12,2016,2,17,"Auckland",174.6724,-36.9055
"133","B",1,2017,2,17,"Auckland",174.6724,-36.9055
"134","B",2,2017,2,27,"Auckland",174.6724,-36.9055
"135","B",3,2017,2,48,"Auckland",174.6724,-36.9055
"136","B",4,2017,2,48,"Auckland",174.6724,-36.9055
"137","B",5,2017,2,42,"Auckland",174.6724,-36.9055
"138","B",6,2017,2,30,"Auckland",174.6724,-36.9055
"139","B",7,2017,2,20,"Auckland",174.6724,-36.9055
"140","B",8,2017,2,47,"Auckland",174.6724,-36.9055
"141","B",9,2017,2,25,"Auckland",174.6724,-36.9055
"142","B",10,2017,2,30,"Auckland",174.6724,-36.9055
"143","B",11,2017,2,8,"Auckland",174.6724,-36.9055
"144","B",12,2017,2,44,"Auckland",174.6724,-36.9055
"145","B",1,2018,2,25,"Auckland",174.6724,-36.9055
"146","B",2,2018,2,35,"Auckland",174.6724,-36.9055
"147","B",3,2018,2,20,"Auckland",174.6724,-36.9055
"148","B",4,2018,2,42,"Auckland",174.6724,-36.9055
"149","B",5,2018,2,33,"Auckland",174.6724,-36.9055
"150","B",6,2018,2,34,"Auckland",174.6724,-36.9055
"151","B",7,2018,2,41,"Auckland",174.6724,-36.9055
"152","B",8,2018,2,25,"Auckland",174.6724,-36.9055
"153","B",9,2018,2,21,"Auckland",174.6724,-36.9055
"154","B",10,2018,2,27,"Auckland",174.6724,-36.9055
"155","B",11,2018,2,37,"Auckland",174.6724,-36.9055
"156","B",12,2018,2,43,"Auckland",174.6724,-36.9055
"157","B",1,2019,2,45,"Auckland",174.6724,-36.9055
"158","B",2,2019,2,16,"Auckland",174.6724,-36.9055
"159","B",3,2019,2,32,"Auckland",174.6724,-36.9055
"160","B",4,2019,2,8,"Auckland",174.6724,-36.9055
"161","B",5,2019,2,37,"Auckland",174.6724,-36.9055
"162","B",6,2019,2,31,"Auckland",174.6724,-36.9055
"163","B",7,2019,2,22,"Auckland",174.6724,-36.9055
"164","B",8,2019,2,30,"Auckland",174.6724,-36.9055
"165","B",9,2019,2,40,"Auckland",174.6724,-36.9055
"166","B",10,2019,2,6,"Auckland",174.6724,-36.9055
"167","B",11,2019,2,45,"Auckland",174.6724,-36.9055
"168","B",12,2019,2,45,"Auckland",174.6724,-36.9055
"169","B",1,2020,2,14,"Auckland",174.6724,-36.9055
"170","B",2,2020,2,41,"Auckland",174.6724,-36.9055
"171","B",3,2020,2,5,"Auckland",174.6724,-36.9055
"172","B",4,2020,2,12,"Auckland",174.6724,-36.9055
"173","B",5,2020,2,29,"Auckland",174.6724,-36.9055
"174","B",6,2020,2,8,"Auckland",174.6724,-36.9055
"175","B",7,2020,2,45,"Auckland",174.6724,-36.9055
"176","B",8,2020,2,13,"Auckland",174.6724,-36.9055
"177","B",9,2020,2,1,"Auckland",174.6724,-36.9055
"178","B",10,2020,2,18,"Auckland",174.6724,-36.9055
"179","B",11,2020,2,18,"Auckland",174.6724,-36.9055
"180","B",12,2020,2,49,"Auckland",174.6724,-36.9055
"181","C",1,2014,5,6,"Waikato",174.9584,-38.4301
"182","C",2,2014,5,47,"Waikato",174.9584,-38.4301
"183","C",3,2014,5,47,"Waikato",174.9584,-38.4301
"184","C",4,2014,5,6,"Waikato",174.9584,-38.4301
"185","C",5,2014,5,17,"Waikato",174.9584,-38.4301
"186","C",6,2014,5,31,"Waikato",174.9584,-38.4301
"187","C",7,2014,5,0,"Waikato",174.9584,-38.4301
"188","C",8,2014,5,40,"Waikato",174.9584,-38.4301
"189","C",9,2014,5,46,"Waikato",174.9584,-38.4301
"190","C",10,2014,5,36,"Waikato",174.9584,-38.4301
"191","C",11,2014,5,24,"Waikato",174.9584,-38.4301
"192","C",12,2014,5,31,"Waikato",174.9584,-38.4301
"193","C",1,2015,5,4,"Waikato",174.9584,-38.4301
"194","C",2,2015,5,5,"Waikato",174.9584,-38.4301
"195","C",3,2015,5,20,"Waikato",174.9584,-38.4301
"196","C",4,2015,5,48,"Waikato",174.9584,-38.4301
"197","C",5,2015,5,34,"Waikato",174.9584,-38.4301
"198","C",6,2015,5,1,"Waikato",174.9584,-38.4301
"199","C",7,2015,5,10,"Waikato",174.9584,-38.4301
"200","C",8,2015,5,7,"Waikato",174.9584,-38.4301
"201","C",9,2015,5,6,"Waikato",174.9584,-38.4301
"202","C",10,2015,5,3,"Waikato",174.9584,-38.4301
"203","C",11,2015,5,8,"Waikato",174.9584,-38.4301
"204","C",12,2015,5,46,"Waikato",174.9584,-38.4301
"205","C",1,2016,5,35,"Waikato",174.9584,-38.4301
"206","C",2,2016,5,18,"Waikato",174.9584,-38.4301
"207","C",3,2016,5,7,"Waikato",174.9584,-38.4301
"208","C",4,2016,5,38,"Waikato",174.9584,-38.4301
"209","C",5,2016,5,35,"Waikato",174.9584,-38.4301
"210","C",6,2016,5,44,"Waikato",174.9584,-38.4301
"211","C",7,2016,5,2,"Waikato",174.9584,-38.4301
"212","C",8,2016,5,23,"Waikato",174.9584,-38.4301
"213","C",9,2016,5,25,"Waikato",174.9584,-38.4301
"214","C",10,2016,5,26,"Waikato",174.9584,-38.4301
"215","C",11,2016,5,20,"Waikato",174.9584,-38.4301
"216","C",12,2016,5,41,"Waikato",174.9584,-38.4301
"217","C",1,2017,5,24,"Waikato",174.9584,-38.4301
"218","C",2,2017,5,15,"Waikato",174.9584,-38.4301
"219","C",3,2017,5,43,"Waikato",174.9584,-38.4301
"220","C",4,2017,5,10,"Waikato",174.9584,-38.4301
"221","C",5,2017,5,28,"Waikato",174.9584,-38.4301
"222","C",6,2017,5,5,"Waikato",174.9584,-38.4301
"223","C",7,2017,5,22,"Waikato",174.9584,-38.4301
"224","C",8,2017,5,13,"Waikato",174.9584,-38.4301
"225","C",9,2017,5,11,"Waikato",174.9584,-38.4301
"226","C",10,2017,5,10,"Waikato",174.9584,-38.4301
"227","C",11,2017,5,15,"Waikato",174.9584,-38.4301
"228","C",12,2017,5,44,"Waikato",174.9584,-38.4301
"229","C",1,2018,5,7,"Waikato",174.9584,-38.4301
"230","C",2,2018,5,33,"Waikato",174.9584,-38.4301
"231","C",3,2018,5,5,"Waikato",174.9584,-38.4301
"232","C",4,2018,5,11,"Waikato",174.9584,-38.4301
"233","C",5,2018,5,24,"Waikato",174.9584,-38.4301
"234","C",6,2018,5,47,"Waikato",174.9584,-38.4301
"235","C",7,2018,5,26,"Waikato",174.9584,-38.4301
"236","C",8,2018,5,45,"Waikato",174.9584,-38.4301
"237","C",9,2018,5,15,"Waikato",174.9584,-38.4301
"238","C",10,2018,5,5,"Waikato",174.9584,-38.4301
"239","C",11,2018,5,23,"Waikato",174.9584,-38.4301
"240","C",12,2018,5,30,"Waikato",174.9584,-38.4301
"241","C",1,2019,5,17,"Waikato",174.9584,-38.4301
"242","C",2,2019,5,18,"Waikato",174.9584,-38.4301
"243","C",3,2019,5,5,"Waikato",174.9584,-38.4301
"244","C",4,2019,5,12,"Waikato",174.9584,-38.4301
"245","C",5,2019,5,37,"Waikato",174.9584,-38.4301
"246","C",6,2019,5,18,"Waikato",174.9584,-38.4301
"247","C",7,2019,5,12,"Waikato",174.9584,-38.4301
"248","C",8,2019,5,34,"Waikato",174.9584,-38.4301
"249","C",9,2019,5,20,"Waikato",174.9584,-38.4301
"250","C",10,2019,5,9,"Waikato",174.9584,-38.4301
"251","C",11,2019,5,46,"Waikato",174.9584,-38.4301
"252","C",12,2019,5,9,"Waikato",174.9584,-38.4301
"253","C",1,2020,5,43,"Waikato",174.9584,-38.4301
"254","C",2,2020,5,5,"Waikato",174.9584,-38.4301
"255","C",3,2020,5,3,"Waikato",174.9584,-38.4301
"256","C",4,2020,5,11,"Waikato",174.9584,-38.4301
"257","C",5,2020,5,45,"Waikato",174.9584,-38.4301
"258","C",6,2020,5,44,"Waikato",174.9584,-38.4301
"259","C",7,2020,5,26,"Waikato",174.9584,-38.4301
"260","C",8,2020,5,37,"Waikato",174.9584,-38.4301
"261","C",9,2020,5,31,"Waikato",174.9584,-38.4301
"262","C",10,2020,5,47,"Waikato",174.9584,-38.4301
"263","C",11,2020,5,46,"Waikato",174.9584,-38.4301
"264","C",12,2020,5,48,"Waikato",174.9584,-38.4301
"265","D",1,2014,2,13,"Bay of Plenty",176.1393,-37.6717
"266","D",2,2014,2,26,"Bay of Plenty",176.1393,-37.6717
"267","D",3,2014,2,49,"Bay of Plenty",176.1393,-37.6717
"268","D",4,2014,2,20,"Bay of Plenty",176.1393,-37.6717
"269","D",5,2014,2,41,"Bay of Plenty",176.1393,-37.6717
"270","D",6,2014,2,17,"Bay of Plenty",176.1393,-37.6717
"271","D",7,2014,2,32,"Bay of Plenty",176.1393,-37.6717
"272","D",8,2014,2,45,"Bay of Plenty",176.1393,-37.6717
"273","D",9,2014,2,47,"Bay of Plenty",176.1393,-37.6717
"274","D",10,2014,2,0,"Bay of Plenty",176.1393,-37.6717
"275","D",11,2014,2,24,"Bay of Plenty",176.1393,-37.6717
"276","D",12,2014,2,42,"Bay of Plenty",176.1393,-37.6717
"277","D",1,2015,2,3,"Bay of Plenty",176.1393,-37.6717
"278","D",2,2015,2,48,"Bay of Plenty",176.1393,-37.6717
"279","D",3,2015,2,3,"Bay of Plenty",176.1393,-37.6717
"280","D",4,2015,2,45,"Bay of Plenty",176.1393,-37.6717
"281","D",5,2015,2,18,"Bay of Plenty",176.1393,-37.6717
"282","D",6,2015,2,39,"Bay of Plenty",176.1393,-37.6717
"283","D",7,2015,2,0,"Bay of Plenty",176.1393,-37.6717
"284","D",8,2015,2,11,"Bay of Plenty",176.1393,-37.6717
"285","D",9,2015,2,29,"Bay of Plenty",176.1393,-37.6717
"286","D",10,2015,2,14,"Bay of Plenty",176.1393,-37.6717
"287","D",11,2015,2,33,"Bay of Plenty",176.1393,-37.6717
"288","D",12,2015,2,15,"Bay of Plenty",176.1393,-37.6717
"289","D",1,2016,2,44,"Bay of Plenty",176.1393,-37.6717
"290","D",2,2016,2,29,"Bay of Plenty",176.1393,-37.6717
"291","D",3,2016,2,29,"Bay of Plenty",176.1393,-37.6717
"292","D",4,2016,2,1,"Bay of Plenty",176.1393,-37.6717
"293","D",5,2016,2,41,"Bay of Plenty",176.1393,-37.6717
"294","D",6,2016,2,31,"Bay of Plenty",176.1393,-37.6717
"295","D",7,2016,2,44,"Bay of Plenty",176.1393,-37.6717
"296","D",8,2016,2,17,"Bay of Plenty",176.1393,-37.6717
"297","D",9,2016,2,24,"Bay of Plenty",176.1393,-37.6717
"298","D",10,2016,2,15,"Bay of Plenty",176.1393,-37.6717
"299","D",11,2016,2,16,"Bay of Plenty",176.1393,-37.6717
"300","D",12,2016,2,18,"Bay of Plenty",176.1393,-37.6717
"301","D",1,2017,2,49,"Bay of Plenty",176.1393,-37.6717
"302","D",2,2017,2,8,"Bay of Plenty",176.1393,-37.6717
"303","D",3,2017,2,6,"Bay of Plenty",176.1393,-37.6717
"304","D",4,2017,2,2,"Bay of Plenty",176.1393,-37.6717
"305","D",5,2017,2,39,"Bay of Plenty",176.1393,-37.6717
"306","D",6,2017,2,44,"Bay of Plenty",176.1393,-37.6717
"307","D",7,2017,2,16,"Bay of Plenty",176.1393,-37.6717
"308","D",8,2017,2,41,"Bay of Plenty",176.1393,-37.6717
"309","D",9,2017,2,32,"Bay of Plenty",176.1393,-37.6717
"310","D",10,2017,2,46,"Bay of Plenty",176.1393,-37.6717
"311","D",11,2017,2,20,"Bay of Plenty",176.1393,-37.6717
"312","D",12,2017,2,15,"Bay of Plenty",176.1393,-37.6717
"313","D",1,2018,2,25,"Bay of Plenty",176.1393,-37.6717
"314","D",2,2018,2,46,"Bay of Plenty",176.1393,-37.6717
"315","D",3,2018,2,15,"Bay of Plenty",176.1393,-37.6717
"316","D",4,2018,2,29,"Bay of Plenty",176.1393,-37.6717
"317","D",5,2018,2,37,"Bay of Plenty",176.1393,-37.6717
"318","D",6,2018,2,21,"Bay of Plenty",176.1393,-37.6717
"319","D",7,2018,2,30,"Bay of Plenty",176.1393,-37.6717
"320","D",8,2018,2,41,"Bay of Plenty",176.1393,-37.6717
"321","D",9,2018,2,20,"Bay of Plenty",176.1393,-37.6717
"322","D",10,2018,2,9,"Bay of Plenty",176.1393,-37.6717
"323","D",11,2018,2,19,"Bay of Plenty",176.1393,-37.6717
"324","D",12,2018,2,8,"Bay of Plenty",176.1393,-37.6717
"325","D",1,2019,2,13,"Bay of Plenty",176.1393,-37.6717
"326","D",2,2019,2,14,"Bay of Plenty",176.1393,-37.6717
"327","D",3,2019,2,9,"Bay of Plenty",176.1393,-37.6717
"328","D",4,2019,2,4,"Bay of Plenty",176.1393,-37.6717
"329","D",5,2019,2,16,"Bay of Plenty",176.1393,-37.6717
"330","D",6,2019,2,30,"Bay of Plenty",176.1393,-37.6717
"331","D",7,2019,2,23,"Bay of Plenty",176.1393,-37.6717
"332","D",8,2019,2,18,"Bay of Plenty",176.1393,-37.6717
"333","D",9,2019,2,6,"Bay of Plenty",176.1393,-37.6717
"334","D",10,2019,2,25,"Bay of Plenty",176.1393,-37.6717
"335","D",11,2019,2,25,"Bay of Plenty",176.1393,-37.6717
"336","D",12,2019,2,49,"Bay of Plenty",176.1393,-37.6717
"337","D",1,2020,2,48,"Bay of Plenty",176.1393,-37.6717
"338","D",2,2020,2,35,"Bay of Plenty",176.1393,-37.6717
"339","D",3,2020,2,22,"Bay of Plenty",176.1393,-37.6717
"340","D",4,2020,2,18,"Bay of Plenty",176.1393,-37.6717
"341","D",5,2020,2,28,"Bay of Plenty",176.1393,-37.6717
"342","D",6,2020,2,16,"Bay of Plenty",176.1393,-37.6717
"343","D",7,2020,2,7,"Bay of Plenty",176.1393,-37.6717
"344","D",8,2020,2,36,"Bay of Plenty",176.1393,-37.6717
"345","D",9,2020,2,15,"Bay of Plenty",176.1393,-37.6717
"346","D",10,2020,2,7,"Bay of Plenty",176.1393,-37.6717
"347","D",11,2020,2,27,"Bay of Plenty",176.1393,-37.6717
"348","D",12,2020,2,6,"Bay of Plenty",176.1393,-37.6717
"349","E",1,2014,4,26,"Gisborne",178.017654,-38.662334
"350","E",2,2014,4,18,"Gisborne",178.017654,-38.662334
"351","E",3,2014,4,22,"Gisborne",178.017654,-38.662334
"352","E",4,2014,4,3,"Gisborne",178.017654,-38.662334
"353","E",5,2014,4,48,"Gisborne",178.017654,-38.662334
"354","E",6,2014,4,32,"Gisborne",178.017654,-38.662334
"355","E",7,2014,4,15,"Gisborne",178.017654,-38.662334
"356","E",8,2014,4,5,"Gisborne",178.017654,-38.662334
"357","E",9,2014,4,6,"Gisborne",178.017654,-38.662334
"358","E",10,2014,4,1,"Gisborne",178.017654,-38.662334
"359","E",11,2014,4,10,"Gisborne",178.017654,-38.662334
"360","E",12,2014,4,49,"Gisborne",178.017654,-38.662334
"361","E",1,2015,4,27,"Gisborne",178.017654,-38.662334
"362","E",2,2015,4,14,"Gisborne",178.017654,-38.662334
"363","E",3,2015,4,42,"Gisborne",178.017654,-38.662334
"364","E",4,2015,4,46,"Gisborne",178.017654,-38.662334
"365","E",5,2015,4,17,"Gisborne",178.017654,-38.662334
"366","E",6,2015,4,40,"Gisborne",178.017654,-38.662334
"367","E",7,2015,4,36,"Gisborne",178.017654,-38.662334
"368","E",8,2015,4,30,"Gisborne",178.017654,-38.662334
"369","E",9,2015,4,3,"Gisborne",178.017654,-38.662334
"370","E",10,2015,4,17,"Gisborne",178.017654,-38.662334
"371","E",11,2015,4,37,"Gisborne",178.017654,-38.662334
"372","E",12,2015,4,0,"Gisborne",178.017654,-38.662334
"373","E",1,2016,4,44,"Gisborne",178.017654,-38.662334
"374","E",2,2016,4,4,"Gisborne",178.017654,-38.662334
"375","E",3,2016,4,35,"Gisborne",178.017654,-38.662334
"376","E",4,2016,4,39,"Gisborne",178.017654,-38.662334
"377","E",5,2016,4,24,"Gisborne",178.017654,-38.662334
"378","E",6,2016,4,25,"Gisborne",178.017654,-38.662334
"379","E",7,2016,4,37,"Gisborne",178.017654,-38.662334
"380","E",8,2016,4,25,"Gisborne",178.017654,-38.662334
"381","E",9,2016,4,39,"Gisborne",178.017654,-38.662334
"382","E",10,2016,4,48,"Gisborne",178.017654,-38.662334
"383","E",11,2016,4,18,"Gisborne",178.017654,-38.662334
"384","E",12,2016,4,30,"Gisborne",178.017654,-38.662334
"385","E",1,2017,4,10,"Gisborne",178.017654,-38.662334
"386","E",2,2017,4,3,"Gisborne",178.017654,-38.662334
"387","E",3,2017,4,29,"Gisborne",178.017654,-38.662334
"388","E",4,2017,4,17,"Gisborne",178.017654,-38.662334
"389","E",5,2017,4,30,"Gisborne",178.017654,-38.662334
"390","E",6,2017,4,47,"Gisborne",178.017654,-38.662334
"391","E",7,2017,4,12,"Gisborne",178.017654,-38.662334
"392","E",8,2017,4,45,"Gisborne",178.017654,-38.662334
"393","E",9,2017,4,8,"Gisborne",178.017654,-38.662334
"394","E",10,2017,4,22,"Gisborne",178.017654,-38.662334
"395","E",11,2017,4,8,"Gisborne",178.017654,-38.662334
"396","E",12,2017,4,25,"Gisborne",178.017654,-38.662334
"397","E",1,2018,4,0,"Gisborne",178.017654,-38.662334
"398","E",2,2018,4,39,"Gisborne",178.017654,-38.662334
"399","E",3,2018,4,35,"Gisborne",178.017654,-38.662334
"400","E",4,2018,4,12,"Gisborne",178.017654,-38.662334
"401","E",5,2018,4,13,"Gisborne",178.017654,-38.662334
"402","E",6,2018,4,26,"Gisborne",178.017654,-38.662334
"403","E",7,2018,4,29,"Gisborne",178.017654,-38.662334
"404","E",8,2018,4,8,"Gisborne",178.017654,-38.662334
"405","E",9,2018,4,38,"Gisborne",178.017654,-38.662334
"406","E",10,2018,4,10,"Gisborne",178.017654,-38.662334
"407","E",11,2018,4,8,"Gisborne",178.017654,-38.662334
"408","E",12,2018,4,39,"Gisborne",178.017654,-38.662334
"409","E",1,2019,4,19,"Gisborne",178.017654,-38.662334
"410","E",2,2019,4,38,"Gisborne",178.017654,-38.662334
"411","E",3,2019,4,35,"Gisborne",178.017654,-38.662334
"412","E",4,2019,4,22,"Gisborne",178.017654,-38.662334
"413","E",5,2019,4,31,"Gisborne",178.017654,-38.662334
"414","E",6,2019,4,19,"Gisborne",178.017654,-38.662334
"415","E",7,2019,4,45,"Gisborne",178.017654,-38.662334
"416","E",8,2019,4,18,"Gisborne",178.017654,-38.662334
"417","E",9,2019,4,27,"Gisborne",178.017654,-38.662334
"418","E",10,2019,4,33,"Gisborne",178.017654,-38.662334
"419","E",11,2019,4,43,"Gisborne",178.017654,-38.662334
"420","E",12,2019,4,6,"Gisborne",178.017654,-38.662334
"421","E",1,2020,4,21,"Gisborne",178.017654,-38.662334
"422","E",2,2020,4,23,"Gisborne",178.017654,-38.662334
"423","E",3,2020,4,12,"Gisborne",178.017654,-38.662334
"424","E",4,2020,4,44,"Gisborne",178.017654,-38.662334
"425","E",5,2020,4,17,"Gisborne",178.017654,-38.662334
"426","E",6,2020,4,11,"Gisborne",178.017654,-38.662334
"427","E",7,2020,4,32,"Gisborne",178.017654,-38.662334
"428","E",8,2020,4,44,"Gisborne",178.017654,-38.662334
"429","E",9,2020,4,47,"Gisborne",178.017654,-38.662334
"430","E",10,2020,4,2,"Gisborne",178.017654,-38.662334
"431","E",11,2020,4,44,"Gisborne",178.017654,-38.662334
"432","E",12,2020,4,28,"Gisborne",178.017654,-38.662334
"433","F",1,2015,4,37,"Hawke's Bay",176.8489,-39.5297
"434","F",2,2015,4,31,"Hawke's Bay",176.8489,-39.5297
"435","F",3,2015,4,1,"Hawke's Bay",176.8489,-39.5297
"436","F",4,2015,4,9,"Hawke's Bay",176.8489,-39.5297
"437","F",5,2015,4,42,"Hawke's Bay",176.8489,-39.5297
"438","F",6,2015,4,15,"Hawke's Bay",176.8489,-39.5297
"439","F",7,2015,4,45,"Hawke's Bay",176.8489,-39.5297
"440","F",8,2015,4,49,"Hawke's Bay",176.8489,-39.5297
"441","F",9,2015,4,14,"Hawke's Bay",176.8489,-39.5297
"442","F",10,2015,4,24,"Hawke's Bay",176.8489,-39.5297
"443","F",11,2015,4,20,"Hawke's Bay",176.8489,-39.5297
"444","F",12,2015,4,3,"Hawke's Bay",176.8489,-39.5297
"445","F",1,2016,4,18,"Hawke's Bay",176.8489,-39.5297
"446","F",2,2016,4,24,"Hawke's Bay",176.8489,-39.5297
"447","F",3,2016,4,16,"Hawke's Bay",176.8489,-39.5297
"448","F",4,2016,4,10,"Hawke's Bay",176.8489,-39.5297
"449","F",5,2016,4,23,"Hawke's Bay",176.8489,-39.5297
"450","F",6,2016,4,16,"Hawke's Bay",176.8489,-39.5297
"451","F",7,2016,4,41,"Hawke's Bay",176.8489,-39.5297
"452","F",8,2016,4,28,"Hawke's Bay",176.8489,-39.5297
"453","F",9,2016,4,35,"Hawke's Bay",176.8489,-39.5297
"454","F",10,2016,4,21,"Hawke's Bay",176.8489,-39.5297
"455","F",11,2016,4,48,"Hawke's Bay",176.8489,-39.5297
"456","F",12,2016,4,9,"Hawke's Bay",176.8489,-39.5297
"457","F",1,2017,4,33,"Hawke's Bay",176.8489,-39.5297
"458","F",2,2017,4,18,"Hawke's Bay",176.8489,-39.5297
"459","F",3,2017,4,48,"Hawke's Bay",176.8489,-39.5297
"460","F",4,2017,4,43,"Hawke's Bay",176.8489,-39.5297
"461","F",5,2017,4,10,"Hawke's Bay",176.8489,-39.5297
"462","F",6,2017,4,28,"Hawke's Bay",176.8489,-39.5297
"463","F",7,2017,4,16,"Hawke's Bay",176.8489,-39.5297
"464","F",8,2017,4,17,"Hawke's Bay",176.8489,-39.5297
"465","F",9,2017,4,25,"Hawke's Bay",176.8489,-39.5297
"466","F",10,2017,4,18,"Hawke's Bay",176.8489,-39.5297
"467","F",11,2017,4,47,"Hawke's Bay",176.8489,-39.5297
"468","F",12,2017,4,46,"Hawke's Bay",176.8489,-39.5297
"469","F",1,2018,4,28,"Hawke's Bay",176.8489,-39.5297
"470","F",2,2018,4,37,"Hawke's Bay",176.8489,-39.5297
"471","F",3,2018,4,36,"Hawke's Bay",176.8489,-39.5297
"472","F",4,2018,4,27,"Hawke's Bay",176.8489,-39.5297
"473","F",5,2018,4,22,"Hawke's Bay",176.8489,-39.5297
"474","F",6,2018,4,22,"Hawke's Bay",176.8489,-39.5297
"475","F",7,2018,4,0,"Hawke's Bay",176.8489,-39.5297
"476","F",8,2018,4,6,"Hawke's Bay",176.8489,-39.5297
"477","F",9,2018,4,22,"Hawke's Bay",176.8489,-39.5297
"478","F",10,2018,4,40,"Hawke's Bay",176.8489,-39.5297
"479","F",11,2018,4,13,"Hawke's Bay",176.8489,-39.5297
"480","F",12,2018,4,46,"Hawke's Bay",176.8489,-39.5297
"481","F",1,2019,4,46,"Hawke's Bay",176.8489,-39.5297
"482","F",2,2019,4,44,"Hawke's Bay",176.8489,-39.5297
"483","F",3,2019,4,5,"Hawke's Bay",176.8489,-39.5297
"484","F",4,2019,4,16,"Hawke's Bay",176.8489,-39.5297
"485","F",5,2019,4,45,"Hawke's Bay",176.8489,-39.5297
"486","F",6,2019,4,43,"Hawke's Bay",176.8489,-39.5297
"487","F",7,2019,4,46,"Hawke's Bay",176.8489,-39.5297
"488","F",8,2019,4,21,"Hawke's Bay",176.8489,-39.5297
"489","F",9,2019,4,10,"Hawke's Bay",176.8489,-39.5297
"490","F",10,2019,4,9,"Hawke's Bay",176.8489,-39.5297
"491","F",11,2019,4,41,"Hawke's Bay",176.8489,-39.5297
"492","F",12,2019,4,31,"Hawke's Bay",176.8489,-39.5297
"493","F",1,2020,4,36,"Hawke's Bay",176.8489,-39.5297
"494","F",2,2020,4,12,"Hawke's Bay",176.8489,-39.5297
"495","F",3,2020,4,42,"Hawke's Bay",176.8489,-39.5297
"496","F",4,2020,4,21,"Hawke's Bay",176.8489,-39.5297
"497","F",5,2020,4,18,"Hawke's Bay",176.8489,-39.5297
"498","F",6,2020,4,5,"Hawke's Bay",176.8489,-39.5297
"499","F",7,2020,4,39,"Hawke's Bay",176.8489,-39.5297
"500","F",8,2020,4,15,"Hawke's Bay",176.8489,-39.5297
"501","F",9,2020,4,16,"Hawke's Bay",176.8489,-39.5297
"502","F",10,2020,4,46,"Hawke's Bay",176.8489,-39.5297
"503","F",11,2020,4,11,"Hawke's Bay",176.8489,-39.5297
"504","F",12,2020,4,29,"Hawke's Bay",176.8489,-39.5297
"505","G",1,2015,5,7,"Taranaki",174.0602,-39.0609
"506","G",2,2015,5,18,"Taranaki",174.0602,-39.0609
"507","G",3,2015,5,9,"Taranaki",174.0602,-39.0609
"508","G",4,2015,5,5,"Taranaki",174.0602,-39.0609
"509","G",5,2015,5,41,"Taranaki",174.0602,-39.0609
"510","G",6,2015,5,2,"Taranaki",174.0602,-39.0609
"511","G",7,2015,5,10,"Taranaki",174.0602,-39.0609
"512","G",8,2015,5,39,"Taranaki",174.0602,-39.0609
"513","G",9,2015,5,7,"Taranaki",174.0602,-39.0609
"514","G",10,2015,5,40,"Taranaki",174.0602,-39.0609
"515","G",11,2015,5,22,"Taranaki",174.0602,-39.0609
"516","G",12,2015,5,5,"Taranaki",174.0602,-39.0609
"517","G",1,2016,5,48,"Taranaki",174.0602,-39.0609
"518","G",2,2016,5,39,"Taranaki",174.0602,-39.0609
"519","G",3,2016,5,30,"Taranaki",174.0602,-39.0609
"520","G",4,2016,5,20,"Taranaki",174.0602,-39.0609
"521","G",5,2016,5,30,"Taranaki",174.0602,-39.0609
"522","G",6,2016,5,34,"Taranaki",174.0602,-39.0609
"523","G",7,2016,5,20,"Taranaki",174.0602,-39.0609
"524","G",8,2016,5,23,"Taranaki",174.0602,-39.0609
"525","G",9,2016,5,33,"Taranaki",174.0602,-39.0609
"526","G",10,2016,5,13,"Taranaki",174.0602,-39.0609
"527","G",11,2016,5,44,"Taranaki",174.0602,-39.0609
"528","G",12,2016,5,31,"Taranaki",174.0602,-39.0609
"529","G",1,2017,5,40,"Taranaki",174.0602,-39.0609
"530","G",2,2017,5,43,"Taranaki",174.0602,-39.0609
"531","G",3,2017,5,0,"Taranaki",174.0602,-39.0609
"532","G",4,2017,5,1,"Taranaki",174.0602,-39.0609
"533","G",5,2017,5,36,"Taranaki",174.0602,-39.0609
"534","G",6,2017,5,19,"Taranaki",174.0602,-39.0609
"535","G",7,2017,5,40,"Taranaki",174.0602,-39.0609
"536","G",8,2017,5,5,"Taranaki",174.0602,-39.0609
"537","G",9,2017,5,35,"Taranaki",174.0602,-39.0609
"538","G",10,2017,5,44,"Taranaki",174.0602,-39.0609
"539","G",11,2017,5,45,"Taranaki",174.0602,-39.0609
"540","G",12,2017,5,13,"Taranaki",174.0602,-39.0609
"541","G",1,2018,5,32,"Taranaki",174.0602,-39.0609
"542","G",2,2018,5,32,"Taranaki",174.0602,-39.0609
"543","G",3,2018,5,19,"Taranaki",174.0602,-39.0609
"544","G",4,2018,5,23,"Taranaki",174.0602,-39.0609
"545","G",5,2018,5,11,"Taranaki",174.0602,-39.0609
"546","G",6,2018,5,14,"Taranaki",174.0602,-39.0609
"547","G",7,2018,5,39,"Taranaki",174.0602,-39.0609
"548","G",8,2018,5,14,"Taranaki",174.0602,-39.0609
"549","G",9,2018,5,25,"Taranaki",174.0602,-39.0609
"550","G",10,2018,5,17,"Taranaki",174.0602,-39.0609
"551","G",11,2018,5,1,"Taranaki",174.0602,-39.0609
"552","G",12,2018,5,10,"Taranaki",174.0602,-39.0609
"553","G",1,2019,5,32,"Taranaki",174.0602,-39.0609
"554","G",2,2019,5,19,"Taranaki",174.0602,-39.0609
"555","G",3,2019,5,45,"Taranaki",174.0602,-39.0609
"556","G",4,2019,5,46,"Taranaki",174.0602,-39.0609
"557","G",5,2019,5,23,"Taranaki",174.0602,-39.0609
"558","G",6,2019,5,20,"Taranaki",174.0602,-39.0609
"559","G",7,2019,5,38,"Taranaki",174.0602,-39.0609
"560","G",8,2019,5,9,"Taranaki",174.0602,-39.0609
"561","G",9,2019,5,11,"Taranaki",174.0602,-39.0609
"562","G",10,2019,5,9,"Taranaki",174.0602,-39.0609
"563","G",11,2019,5,42,"Taranaki",174.0602,-39.0609
"564","G",12,2019,5,40,"Taranaki",174.0602,-39.0609
"565","G",1,2020,5,36,"Taranaki",174.0602,-39.0609
"566","G",2,2020,5,40,"Taranaki",174.0602,-39.0609
"567","G",3,2020,5,32,"Taranaki",174.0602,-39.0609
"568","G",4,2020,5,1,"Taranaki",174.0602,-39.0609
"569","G",5,2020,5,22,"Taranaki",174.0602,-39.0609
"570","G",6,2020,5,32,"Taranaki",174.0602,-39.0609
"571","G",7,2020,5,10,"Taranaki",174.0602,-39.0609
"572","G",8,2020,5,11,"Taranaki",174.0602,-39.0609
"573","G",9,2020,5,28,"Taranaki",174.0602,-39.0609
"574","G",10,2020,5,19,"Taranaki",174.0602,-39.0609
"575","G",11,2020,5,16,"Taranaki",174.0602,-39.0609
"576","G",12,2020,5,40,"Taranaki",174.0602,-39.0609
"577","H",1,2015,5,10,"Manawatu-Wanganui",175.6578,-39.1313
"578","H",2,2015,5,47,"Manawatu-Wanganui",175.6578,-39.1313
"579","H",3,2015,5,16,"Manawatu-Wanganui",175.6578,-39.1313
"580","H",4,2015,5,48,"Manawatu-Wanganui",175.6578,-39.1313
"581","H",5,2015,5,1,"Manawatu-Wanganui",175.6578,-39.1313
"582","H",6,2015,5,46,"Manawatu-Wanganui",175.6578,-39.1313
"583","H",7,2015,5,1,"Manawatu-Wanganui",175.6578,-39.1313
"584","H",8,2015,5,9,"Manawatu-Wanganui",175.6578,-39.1313
"585","H",9,2015,5,4,"Manawatu-Wanganui",175.6578,-39.1313
"586","H",10,2015,5,42,"Manawatu-Wanganui",175.6578,-39.1313
"587","H",11,2015,5,33,"Manawatu-Wanganui",175.6578,-39.1313
"588","H",12,2015,5,45,"Manawatu-Wanganui",175.6578,-39.1313
"589","H",1,2016,5,32,"Manawatu-Wanganui",175.6578,-39.1313
"590","H",2,2016,5,25,"Manawatu-Wanganui",175.6578,-39.1313
"591","H",3,2016,5,19,"Manawatu-Wanganui",175.6578,-39.1313
"592","H",4,2016,5,45,"Manawatu-Wanganui",175.6578,-39.1313
"593","H",5,2016,5,36,"Manawatu-Wanganui",175.6578,-39.1313
"594","H",6,2016,5,28,"Manawatu-Wanganui",175.6578,-39.1313
"595","H",7,2016,5,9,"Manawatu-Wanganui",175.6578,-39.1313
"596","H",8,2016,5,20,"Manawatu-Wanganui",175.6578,-39.1313
"597","H",9,2016,5,7,"Manawatu-Wanganui",175.6578,-39.1313
"598","H",10,2016,5,25,"Manawatu-Wanganui",175.6578,-39.1313
"599","H",11,2016,5,21,"Manawatu-Wanganui",175.6578,-39.1313
"600","H",12,2016,5,23,"Manawatu-Wanganui",175.6578,-39.1313
"601","H",1,2017,5,6,"Manawatu-Wanganui",175.6578,-39.1313
"602","H",2,2017,5,1,"Manawatu-Wanganui",175.6578,-39.1313
"603","H",3,2017,5,21,"Manawatu-Wanganui",175.6578,-39.1313
"604","H",4,2017,5,43,"Manawatu-Wanganui",175.6578,-39.1313
"605","H",5,2017,5,6,"Manawatu-Wanganui",175.6578,-39.1313
"606","H",6,2017,5,28,"Manawatu-Wanganui",175.6578,-39.1313
"607","H",7,2017,5,27,"Manawatu-Wanganui",175.6578,-39.1313
"608","H",8,2017,5,48,"Manawatu-Wanganui",175.6578,-39.1313
"609","H",9,2017,5,35,"Manawatu-Wanganui",175.6578,-39.1313
"610","H",10,2017,5,38,"Manawatu-Wanganui",175.6578,-39.1313
"611","H",11,2017,5,16,"Manawatu-Wanganui",175.6578,-39.1313
"612","H",12,2017,5,22,"Manawatu-Wanganui",175.6578,-39.1313
"613","H",1,2018,5,20,"Manawatu-Wanganui",175.6578,-39.1313
"614","H",2,2018,5,38,"Manawatu-Wanganui",175.6578,-39.1313
"615","H",3,2018,5,22,"Manawatu-Wanganui",175.6578,-39.1313
"616","H",4,2018,5,24,"Manawatu-Wanganui",175.6578,-39.1313
"617","H",5,2018,5,13,"Manawatu-Wanganui",175.6578,-39.1313
"618","H",6,2018,5,19,"Manawatu-Wanganui",175.6578,-39.1313
"619","H",7,2018,5,31,"Manawatu-Wanganui",175.6578,-39.1313
"620","H",8,2018,5,30,"Manawatu-Wanganui",175.6578,-39.1313
"621","H",9,2018,5,5,"Manawatu-Wanganui",175.6578,-39.1313
"622","H",10,2018,5,8,"Manawatu-Wanganui",175.6578,-39.1313
"623","H",11,2018,5,5,"Manawatu-Wanganui",175.6578,-39.1313
"624","H",12,2018,5,0,"Manawatu-Wanganui",175.6578,-39.1313
"625","H",1,2019,5,12,"Manawatu-Wanganui",175.6578,-39.1313
"626","H",2,2019,5,3,"Manawatu-Wanganui",175.6578,-39.1313
"627","H",3,2019,5,25,"Manawatu-Wanganui",175.6578,-39.1313
"628","H",4,2019,5,44,"Manawatu-Wanganui",175.6578,-39.1313
"629","H",5,2019,5,35,"Manawatu-Wanganui",175.6578,-39.1313
"630","H",6,2019,5,1,"Manawatu-Wanganui",175.6578,-39.1313
"631","H",7,2019,5,40,"Manawatu-Wanganui",175.6578,-39.1313
"632","H",8,2019,5,47,"Manawatu-Wanganui",175.6578,-39.1313
"633","H",9,2019,5,25,"Manawatu-Wanganui",175.6578,-39.1313
"634","H",10,2019,5,29,"Manawatu-Wanganui",175.6578,-39.1313
"635","H",11,2019,5,45,"Manawatu-Wanganui",175.6578,-39.1313
"636","H",12,2019,5,6,"Manawatu-Wanganui",175.6578,-39.1313
"637","H",1,2020,5,48,"Manawatu-Wanganui",175.6578,-39.1313
"638","H",2,2020,5,6,"Manawatu-Wanganui",175.6578,-39.1313
"639","H",3,2020,5,18,"Manawatu-Wanganui",175.6578,-39.1313
"640","H",4,2020,5,25,"Manawatu-Wanganui",175.6578,-39.1313
"641","H",5,2020,5,21,"Manawatu-Wanganui",175.6578,-39.1313
"642","H",6,2020,5,16,"Manawatu-Wanganui",175.6578,-39.1313
"643","H",7,2020,5,43,"Manawatu-Wanganui",175.6578,-39.1313
"644","H",8,2020,5,44,"Manawatu-Wanganui",175.6578,-39.1313
"645","H",9,2020,5,14,"Manawatu-Wanganui",175.6578,-39.1313
"646","H",10,2020,5,17,"Manawatu-Wanganui",175.6578,-39.1313
"647","H",11,2020,5,44,"Manawatu-Wanganui",175.6578,-39.1313
"648","H",12,2020,5,26,"Manawatu-Wanganui",175.6578,-39.1313
"649","I",1,2015,4,38,"Wellington",174.7647,-41.288
"650","I",2,2015,4,25,"Wellington",174.7647,-41.288
"651","I",3,2015,4,32,"Wellington",174.7647,-41.288
"652","I",4,2015,4,12,"Wellington",174.7647,-41.288
"653","I",5,2015,4,18,"Wellington",174.7647,-41.288
"654","I",6,2015,4,41,"Wellington",174.7647,-41.288
"655","I",7,2015,4,4,"Wellington",174.7647,-41.288
"656","I",8,2015,4,27,"Wellington",174.7647,-41.288
"657","I",9,2015,4,27,"Wellington",174.7647,-41.288
"658","I",10,2015,4,31,"Wellington",174.7647,-41.288
"659","I",11,2015,4,45,"Wellington",174.7647,-41.288
"660","I",12,2015,4,2,"Wellington",174.7647,-41.288
"661","I",1,2016,4,35,"Wellington",174.7647,-41.288
"662","I",2,2016,4,34,"Wellington",174.7647,-41.288
"663","I",3,2016,4,20,"Wellington",174.7647,-41.288
"664","I",4,2016,4,43,"Wellington",174.7647,-41.288
"665","I",5,2016,4,20,"Wellington",174.7647,-41.288
"666","I",6,2016,4,3,"Wellington",174.7647,-41.288
"667","I",7,2016,4,12,"Wellington",174.7647,-41.288
"668","I",8,2016,4,21,"Wellington",174.7647,-41.288
"669","I",9,2016,4,15,"Wellington",174.7647,-41.288
"670","I",10,2016,4,34,"Wellington",174.7647,-41.288
"671","I",11,2016,4,28,"Wellington",174.7647,-41.288
"672","I",12,2016,4,40,"Wellington",174.7647,-41.288
"673","I",1,2017,4,10,"Wellington",174.7647,-41.288
"674","I",2,2017,4,8,"Wellington",174.7647,-41.288
"675","I",3,2017,4,41,"Wellington",174.7647,-41.288
"676","I",4,2017,4,28,"Wellington",174.7647,-41.288
"677","I",5,2017,4,12,"Wellington",174.7647,-41.288
"678","I",6,2017,4,30,"Wellington",174.7647,-41.288
"679","I",7,2017,4,12,"Wellington",174.7647,-41.288
"680","I",8,2017,4,35,"Wellington",174.7647,-41.288
"681","I",9,2017,4,33,"Wellington",174.7647,-41.288
"682","I",10,2017,4,39,"Wellington",174.7647,-41.288
"683","I",11,2017,4,11,"Wellington",174.7647,-41.288
"684","I",12,2017,4,42,"Wellington",174.7647,-41.288
"685","I",1,2018,4,41,"Wellington",174.7647,-41.288
"686","I",2,2018,4,33,"Wellington",174.7647,-41.288
"687","I",3,2018,4,34,"Wellington",174.7647,-41.288
"688","I",4,2018,4,14,"Wellington",174.7647,-41.288
"689","I",5,2018,4,26,"Wellington",174.7647,-41.288
"690","I",6,2018,4,24,"Wellington",174.7647,-41.288
"691","I",7,2018,4,21,"Wellington",174.7647,-41.288
"692","I",8,2018,4,31,"Wellington",174.7647,-41.288
"693","I",9,2018,4,38,"Wellington",174.7647,-41.288
"694","I",10,2018,4,23,"Wellington",174.7647,-41.288
"695","I",11,2018,4,13,"Wellington",174.7647,-41.288
"696","I",12,2018,4,31,"Wellington",174.7647,-41.288
"697","I",1,2019,4,42,"Wellington",174.7647,-41.288
"698","I",2,2019,4,1,"Wellington",174.7647,-41.288
"699","I",3,2019,4,47,"Wellington",174.7647,-41.288
"700","I",4,2019,4,36,"Wellington",174.7647,-41.288
"701","I",5,2019,4,44,"Wellington",174.7647,-41.288
"702","I",6,2019,4,2,"Wellington",174.7647,-41.288
"703","I",7,2019,4,18,"Wellington",174.7647,-41.288
"704","I",8,2019,4,26,"Wellington",174.7647,-41.288
"705","I",9,2019,4,31,"Wellington",174.7647,-41.288
"706","I",10,2019,4,1,"Wellington",174.7647,-41.288
"707","I",11,2019,4,4,"Wellington",174.7647,-41.288
"708","I",12,2019,4,8,"Wellington",174.7647,-41.288
"709","I",1,2020,4,6,"Wellington",174.7647,-41.288
"710","I",2,2020,4,38,"Wellington",174.7647,-41.288
"711","I",3,2020,4,5,"Wellington",174.7647,-41.288
"712","I",4,2020,4,15,"Wellington",174.7647,-41.288
"713","I",5,2020,4,39,"Wellington",174.7647,-41.288
"714","I",6,2020,4,10,"Wellington",174.7647,-41.288
"715","I",7,2020,4,47,"Wellington",174.7647,-41.288
"716","I",8,2020,4,45,"Wellington",174.7647,-41.288
"717","I",9,2020,4,46,"Wellington",174.7647,-41.288
"718","I",10,2020,4,2,"Wellington",174.7647,-41.288
"719","I",11,2020,4,25,"Wellington",174.7647,-41.288
"720","I",12,2020,4,20,"Wellington",174.7647,-41.288
"721","J",1,2015,4,20,"West Coast",171.607,-41.7573
"722","J",2,2015,4,45,"West Coast",171.607,-41.7573
"723","J",3,2015,4,43,"West Coast",171.607,-41.7573
"724","J",4,2015,4,32,"West Coast",171.607,-41.7573
"725","J",5,2015,4,27,"West Coast",171.607,-41.7573
"726","J",6,2015,4,45,"West Coast",171.607,-41.7573
"727","J",7,2015,4,15,"West Coast",171.607,-41.7573
"728","J",8,2015,4,0,"West Coast",171.607,-41.7573
"729","J",9,2015,4,4,"West Coast",171.607,-41.7573
"730","J",10,2015,4,15,"West Coast",171.607,-41.7573
"731","J",11,2015,4,17,"West Coast",171.607,-41.7573
"732","J",12,2015,4,41,"West Coast",171.607,-41.7573
"733","J",1,2016,4,48,"West Coast",171.607,-41.7573
"734","J",2,2016,4,19,"West Coast",171.607,-41.7573
"735","J",3,2016,4,12,"West Coast",171.607,-41.7573
"736","J",4,2016,4,37,"West Coast",171.607,-41.7573
"737","J",5,2016,4,25,"West Coast",171.607,-41.7573
"738","J",6,2016,4,4,"West Coast",171.607,-41.7573
"739","J",7,2016,4,10,"West Coast",171.607,-41.7573
"740","J",8,2016,4,26,"West Coast",171.607,-41.7573
"741","J",9,2016,4,41,"West Coast",171.607,-41.7573
"742","J",10,2016,4,43,"West Coast",171.607,-41.7573
"743","J",11,2016,4,1,"West Coast",171.607,-41.7573
"744","J",12,2016,4,40,"West Coast",171.607,-41.7573
"745","J",1,2017,4,19,"West Coast",171.607,-41.7573
"746","J",2,2017,4,48,"West Coast",171.607,-41.7573
"747","J",3,2017,4,26,"West Coast",171.607,-41.7573
"748","J",4,2017,4,9,"West Coast",171.607,-41.7573
"749","J",5,2017,4,26,"West Coast",171.607,-41.7573
"750","J",6,2017,4,31,"West Coast",171.607,-41.7573
"751","J",7,2017,4,41,"West Coast",171.607,-41.7573
"752","J",8,2017,4,18,"West Coast",171.607,-41.7573
"753","J",9,2017,4,26,"West Coast",171.607,-41.7573
"754","J",10,2017,4,22,"West Coast",171.607,-41.7573
"755","J",11,2017,4,30,"West Coast",171.607,-41.7573
"756","J",12,2017,4,3,"West Coast",171.607,-41.7573
"757","J",1,2018,4,27,"West Coast",171.607,-41.7573
"758","J",2,2018,4,36,"West Coast",171.607,-41.7573
"759","J",3,2018,4,41,"West Coast",171.607,-41.7573
"760","J",4,2018,4,6,"West Coast",171.607,-41.7573
"761","J",5,2018,4,49,"West Coast",171.607,-41.7573
"762","J",6,2018,4,13,"West Coast",171.607,-41.7573
"763","J",7,2018,4,5,"West Coast",171.607,-41.7573
"764","J",8,2018,4,30,"West Coast",171.607,-41.7573
"765","J",9,2018,4,9,"West Coast",171.607,-41.7573
"766","J",10,2018,4,35,"West Coast",171.607,-41.7573
"767","J",11,2018,4,34,"West Coast",171.607,-41.7573
"768","J",12,2018,4,5,"West Coast",171.607,-41.7573
"769","J",1,2019,4,33,"West Coast",171.607,-41.7573
"770","J",2,2019,4,45,"West Coast",171.607,-41.7573
"771","J",3,2019,4,11,"West Coast",171.607,-41.7573
"772","J",4,2019,4,5,"West Coast",171.607,-41.7573
"773","J",5,2019,4,23,"West Coast",171.607,-41.7573
"774","J",6,2019,4,45,"West Coast",171.607,-41.7573
"775","J",7,2019,4,15,"West Coast",171.607,-41.7573
"776","J",8,2019,4,25,"West Coast",171.607,-41.7573
"777","J",9,2019,4,30,"West Coast",171.607,-41.7573
"778","J",10,2019,4,40,"West Coast",171.607,-41.7573
"779","J",11,2019,4,29,"West Coast",171.607,-41.7573
"780","J",12,2019,4,28,"West Coast",171.607,-41.7573
"781","J",1,2020,4,43,"West Coast",171.607,-41.7573
"782","J",2,2020,4,33,"West Coast",171.607,-41.7573
"783","J",3,2020,4,38,"West Coast",171.607,-41.7573
"784","J",4,2020,4,26,"West Coast",171.607,-41.7573
"785","J",5,2020,4,3,"West Coast",171.607,-41.7573
"786","J",6,2020,4,24,"West Coast",171.607,-41.7573
"787","J",7,2020,4,40,"West Coast",171.607,-41.7573
"788","J",8,2020,4,33,"West Coast",171.607,-41.7573
"789","J",9,2020,4,25,"West Coast",171.607,-41.7573
"790","J",10,2020,4,22,"West Coast",171.607,-41.7573
"791","J",11,2020,4,22,"West Coast",171.607,-41.7573
"792","J",12,2020,4,26,"West Coast",171.607,-41.7573
"793","K",1,2015,4,29,"Canterbury",170.1401,-43.5883
"794","K",2,2015,4,20,"Canterbury",170.1401,-43.5883
"795","K",3,2015,4,28,"Canterbury",170.1401,-43.5883
"796","K",4,2015,4,45,"Canterbury",170.1401,-43.5883
"797","K",5,2015,4,14,"Canterbury",170.1401,-43.5883
"798","K",6,2015,4,17,"Canterbury",170.1401,-43.5883
"799","K",7,2015,4,1,"Canterbury",170.1401,-43.5883
"800","K",8,2015,4,14,"Canterbury",170.1401,-43.5883
"801","K",9,2015,4,2,"Canterbury",170.1401,-43.5883
"802","K",10,2015,4,32,"Canterbury",170.1401,-43.5883
"803","K",11,2015,4,36,"Canterbury",170.1401,-43.5883
"804","K",12,2015,4,29,"Canterbury",170.1401,-43.5883
"805","K",1,2016,4,27,"Canterbury",170.1401,-43.5883
"806","K",2,2016,4,42,"Canterbury",170.1401,-43.5883
"807","K",3,2016,4,30,"Canterbury",170.1401,-43.5883
"808","K",4,2016,4,48,"Canterbury",170.1401,-43.5883
"809","K",5,2016,4,44,"Canterbury",170.1401,-43.5883
"810","K",6,2016,4,1,"Canterbury",170.1401,-43.5883
"811","K",7,2016,4,2,"Canterbury",170.1401,-43.5883
"812","K",8,2016,4,39,"Canterbury",170.1401,-43.5883
"813","K",9,2016,4,21,"Canterbury",170.1401,-43.5883
"814","K",10,2016,4,16,"Canterbury",170.1401,-43.5883
"815","K",11,2016,4,44,"Canterbury",170.1401,-43.5883
"816","K",12,2016,4,0,"Canterbury",170.1401,-43.5883
"817","K",1,2017,4,8,"Canterbury",170.1401,-43.5883
"818","K",2,2017,4,7,"Canterbury",170.1401,-43.5883
"819","K",3,2017,4,15,"Canterbury",170.1401,-43.5883
"820","K",4,2017,4,21,"Canterbury",170.1401,-43.5883
"821","K",5,2017,4,7,"Canterbury",170.1401,-43.5883
"822","K",6,2017,4,37,"Canterbury",170.1401,-43.5883
"823","K",7,2017,4,18,"Canterbury",170.1401,-43.5883
"824","K",8,2017,4,38,"Canterbury",170.1401,-43.5883
"825","K",9,2017,4,2,"Canterbury",170.1401,-43.5883
"826","K",10,2017,4,16,"Canterbury",170.1401,-43.5883
"827","K",11,2017,4,26,"Canterbury",170.1401,-43.5883
"828","K",12,2017,4,4,"Canterbury",170.1401,-43.5883
"829","K",1,2018,4,0,"Canterbury",170.1401,-43.5883
"830","K",2,2018,4,3,"Canterbury",170.1401,-43.5883
"831","K",3,2018,4,17,"Canterbury",170.1401,-43.5883
"832","K",4,2018,4,22,"Canterbury",170.1401,-43.5883
"833","K",5,2018,4,9,"Canterbury",170.1401,-43.5883
"834","K",6,2018,4,34,"Canterbury",170.1401,-43.5883
"835","K",7,2018,4,1,"Canterbury",170.1401,-43.5883
"836","K",8,2018,4,15,"Canterbury",170.1401,-43.5883
"837","K",9,2018,4,47,"Canterbury",170.1401,-43.5883
"838","K",10,2018,4,6,"Canterbury",170.1401,-43.5883
"839","K",11,2018,4,48,"Canterbury",170.1401,-43.5883
"840","K",12,2018,4,42,"Canterbury",170.1401,-43.5883
"841","K",1,2019,4,26,"Canterbury",170.1401,-43.5883
"842","K",2,2019,4,45,"Canterbury",170.1401,-43.5883
"843","K",3,2019,4,24,"Canterbury",170.1401,-43.5883
"844","K",4,2019,4,8,"Canterbury",170.1401,-43.5883
"845","K",5,2019,4,14,"Canterbury",170.1401,-43.5883
"846","K",6,2019,4,45,"Canterbury",170.1401,-43.5883
"847","K",7,2019,4,38,"Canterbury",170.1401,-43.5883
"848","K",8,2019,4,18,"Canterbury",170.1401,-43.5883
"849","K",9,2019,4,46,"Canterbury",170.1401,-43.5883
"850","K",10,2019,4,38,"Canterbury",170.1401,-43.5883
"851","K",11,2019,4,41,"Canterbury",170.1401,-43.5883
"852","K",12,2019,4,25,"Canterbury",170.1401,-43.5883
"853","K",1,2020,4,14,"Canterbury",170.1401,-43.5883
"854","K",2,2020,4,47,"Canterbury",170.1401,-43.5883
"855","K",3,2020,4,34,"Canterbury",170.1401,-43.5883
"856","K",4,2020,4,0,"Canterbury",170.1401,-43.5883
"857","K",5,2020,4,35,"Canterbury",170.1401,-43.5883
"858","K",6,2020,4,8,"Canterbury",170.1401,-43.5883
"859","K",7,2020,4,47,"Canterbury",170.1401,-43.5883
"860","K",8,2020,4,10,"Canterbury",170.1401,-43.5883
"861","K",9,2020,4,26,"Canterbury",170.1401,-43.5883
"862","K",10,2020,4,35,"Canterbury",170.1401,-43.5883
"863","K",11,2020,4,32,"Canterbury",170.1401,-43.5883
"864","K",12,2020,4,4,"Canterbury",170.1401,-43.5883
"865","L",1,2016,3,7,"Otago",170.4842,-45.9028
"866","L",2,2016,3,46,"Otago",170.4842,-45.9028
"867","L",3,2016,3,32,"Otago",170.4842,-45.9028
"868","L",4,2016,3,10,"Otago",170.4842,-45.9028
"869","L",5,2016,3,5,"Otago",170.4842,-45.9028
"870","L",6,2016,3,45,"Otago",170.4842,-45.9028
"871","L",7,2016,3,22,"Otago",170.4842,-45.9028
"872","L",8,2016,3,38,"Otago",170.4842,-45.9028
"873","L",9,2016,3,4,"Otago",170.4842,-45.9028
"874","L",10,2016,3,41,"Otago",170.4842,-45.9028
"875","L",11,2016,3,10,"Otago",170.4842,-45.9028
"876","L",12,2016,3,39,"Otago",170.4842,-45.9028
"877","L",1,2017,3,38,"Otago",170.4842,-45.9028
"878","L",2,2017,3,12,"Otago",170.4842,-45.9028
"879","L",3,2017,3,27,"Otago",170.4842,-45.9028
"880","L",4,2017,3,46,"Otago",170.4842,-45.9028
"881","L",5,2017,3,36,"Otago",170.4842,-45.9028
"882","L",6,2017,3,20,"Otago",170.4842,-45.9028
"883","L",7,2017,3,39,"Otago",170.4842,-45.9028
"884","L",8,2017,3,39,"Otago",170.4842,-45.9028
"885","L",9,2017,3,33,"Otago",170.4842,-45.9028
"886","L",10,2017,3,30,"Otago",170.4842,-45.9028
"887","L",11,2017,3,7,"Otago",170.4842,-45.9028
"888","L",12,2017,3,26,"Otago",170.4842,-45.9028
"889","L",1,2018,3,39,"Otago",170.4842,-45.9028
"890","L",2,2018,3,32,"Otago",170.4842,-45.9028
"891","L",3,2018,3,42,"Otago",170.4842,-45.9028
"892","L",4,2018,3,13,"Otago",170.4842,-45.9028
"893","L",5,2018,3,44,"Otago",170.4842,-45.9028
"894","L",6,2018,3,21,"Otago",170.4842,-45.9028
"895","L",7,2018,3,24,"Otago",170.4842,-45.9028
"896","L",8,2018,3,35,"Otago",170.4842,-45.9028
"897","L",9,2018,3,27,"Otago",170.4842,-45.9028
"898","L",10,2018,3,36,"Otago",170.4842,-45.9028
"899","L",11,2018,3,30,"Otago",170.4842,-45.9028
"900","L",12,2018,3,35,"Otago",170.4842,-45.9028
"901","L",1,2019,3,41,"Otago",170.4842,-45.9028
"902","L",2,2019,3,32,"Otago",170.4842,-45.9028
"903","L",3,2019,3,49,"Otago",170.4842,-45.9028
"904","L",4,2019,3,29,"Otago",170.4842,-45.9028
"905","L",5,2019,3,14,"Otago",170.4842,-45.9028
"906","L",6,2019,3,19,"Otago",170.4842,-45.9028
"907","L",7,2019,3,19,"Otago",170.4842,-45.9028
"908","L",8,2019,3,33,"Otago",170.4842,-45.9028
"909","L",9,2019,3,38,"Otago",170.4842,-45.9028
"910","L",10,2019,3,20,"Otago",170.4842,-45.9028
"911","L",11,2019,3,38,"Otago",170.4842,-45.9028
"912","L",12,2019,3,28,"Otago",170.4842,-45.9028
"913","L",1,2020,3,25,"Otago",170.4842,-45.9028
"914","L",2,2020,3,24,"Otago",170.4842,-45.9028
"915","L",3,2020,3,1,"Otago",170.4842,-45.9028
"916","L",4,2020,3,19,"Otago",170.4842,-45.9028
"917","L",5,2020,3,21,"Otago",170.4842,-45.9028
"918","L",6,2020,3,30,"Otago",170.4842,-45.9028
"919","L",7,2020,3,20,"Otago",170.4842,-45.9028
"920","L",8,2020,3,35,"Otago",170.4842,-45.9028
"921","L",9,2020,3,19,"Otago",170.4842,-45.9028
"922","L",10,2020,3,49,"Otago",170.4842,-45.9028
"923","L",11,2020,3,40,"Otago",170.4842,-45.9028
"924","L",12,2020,3,18,"Otago",170.4842,-45.9028
"925","M",1,2016,5,38,"Southland",167.7994,-45.6166
"926","M",2,2016,5,6,"Southland",167.7994,-45.6166
"927","M",3,2016,5,33,"Southland",167.7994,-45.6166
"928","M",4,2016,5,27,"Southland",167.7994,-45.6166
"929","M",5,2016,5,15,"Southland",167.7994,-45.6166
"930","M",6,2016,5,22,"Southland",167.7994,-45.6166
"931","M",7,2016,5,2,"Southland",167.7994,-45.6166
"932","M",8,2016,5,24,"Southland",167.7994,-45.6166
"933","M",9,2016,5,9,"Southland",167.7994,-45.6166
"934","M",10,2016,5,26,"Southland",167.7994,-45.6166
"935","M",11,2016,5,12,"Southland",167.7994,-45.6166
"936","M",12,2016,5,13,"Southland",167.7994,-45.6166
"937","M",1,2017,5,12,"Southland",167.7994,-45.6166
"938","M",2,2017,5,43,"Southland",167.7994,-45.6166
"939","M",3,2017,5,11,"Southland",167.7994,-45.6166
"940","M",4,2017,5,48,"Southland",167.7994,-45.6166
"941","M",5,2017,5,18,"Southland",167.7994,-45.6166
"942","M",6,2017,5,8,"Southland",167.7994,-45.6166
"943","M",7,2017,5,47,"Southland",167.7994,-45.6166
"944","M",8,2017,5,15,"Southland",167.7994,-45.6166
"945","M",9,2017,5,2,"Southland",167.7994,-45.6166
"946","M",10,2017,5,34,"Southland",167.7994,-45.6166
"947","M",11,2017,5,17,"Southland",167.7994,-45.6166
"948","M",12,2017,5,8,"Southland",167.7994,-45.6166
"949","M",1,2018,5,22,"Southland",167.7994,-45.6166
"950","M",2,2018,5,0,"Southland",167.7994,-45.6166
"951","M",3,2018,5,13,"Southland",167.7994,-45.6166
"952","M",4,2018,5,25,"Southland",167.7994,-45.6166
"953","M",5,2018,5,6,"Southland",167.7994,-45.6166
"954","M",6,2018,5,21,"Southland",167.7994,-45.6166
"955","M",7,2018,5,35,"Southland",167.7994,-45.6166
"956","M",8,2018,5,25,"Southland",167.7994,-45.6166
"957","M",9,2018,5,24,"Southland",167.7994,-45.6166
"958","M",10,2018,5,3,"Southland",167.7994,-45.6166
"959","M",11,2018,5,35,"Southland",167.7994,-45.6166
"960","M",12,2018,5,23,"Southland",167.7994,-45.6166
"961","M",1,2019,5,39,"Southland",167.7994,-45.6166
"962","M",2,2019,5,8,"Southland",167.7994,-45.6166
"963","M",3,2019,5,35,"Southland",167.7994,-45.6166
"964","M",4,2019,5,6,"Southland",167.7994,-45.6166
"965","M",5,2019,5,49,"Southland",167.7994,-45.6166
"966","M",6,2019,5,9,"Southland",167.7994,-45.6166
"967","M",7,2019,5,49,"Southland",167.7994,-45.6166
"968","M",8,2019,5,4,"Southland",167.7994,-45.6166
"969","M",9,2019,5,7,"Southland",167.7994,-45.6166
"970","M",10,2019,5,48,"Southland",167.7994,-45.6166
"971","M",11,2019,5,24,"Southland",167.7994,-45.6166
"972","M",12,2019,5,2,"Southland",167.7994,-45.6166
"973","M",1,2020,5,24,"Southland",167.7994,-45.6166
"974","M",2,2020,5,23,"Southland",167.7994,-45.6166
"975","M",3,2020,5,7,"Southland",167.7994,-45.6166
"976","M",4,2020,5,39,"Southland",167.7994,-45.6166
"977","M",5,2020,5,21,"Southland",167.7994,-45.6166
"978","M",6,2020,5,0,"Southland",167.7994,-45.6166
"979","M",7,2020,5,33,"Southland",167.7994,-45.6166
"980","M",8,2020,5,42,"Southland",167.7994,-45.6166
"981","M",9,2020,5,42,"Southland",167.7994,-45.6166
"982","M",10,2020,5,16,"Southland",167.7994,-45.6166
"983","M",11,2020,5,24,"Southland",167.7994,-45.6166
"984","M",12,2020,5,38,"Southland",167.7994,-45.6166
"985","N",1,2016,2,40,"Tasman",172.8973,-40.7549
"986","N",2,2016,2,30,"Tasman",172.8973,-40.7549
"987","N",3,2016,2,6,"Tasman",172.8973,-40.7549
"988","N",4,2016,2,9,"Tasman",172.8973,-40.7549
"989","N",5,2016,2,33,"Tasman",172.8973,-40.7549
"990","N",6,2016,2,40,"Tasman",172.8973,-40.7549
"991","N",7,2016,2,8,"Tasman",172.8973,-40.7549
"992","N",8,2016,2,9,"Tasman",172.8973,-40.7549
"993","N",9,2016,2,31,"Tasman",172.8973,-40.7549
"994","N",10,2016,2,13,"Tasman",172.8973,-40.7549
"995","N",11,2016,2,45,"Tasman",172.8973,-40.7549
"996","N",12,2016,2,49,"Tasman",172.8973,-40.7549
"997","N",1,2017,2,30,"Tasman",172.8973,-40.7549
"998","N",2,2017,2,41,"Tasman",172.8973,-40.7549
"999","N",3,2017,2,26,"Tasman",172.8973,-40.7549
"1000","N",4,2017,2,33,"Tasman",172.8973,-40.7549
"1001","N",5,2017,2,3,"Tasman",172.8973,-40.7549
"1002","N",6,2017,2,5,"Tasman",172.8973,-40.7549
"1003","N",7,2017,2,22,"Tasman",172.8973,-40.7549
"1004","N",8,2017,2,10,"Tasman",172.8973,-40.7549
"1005","N",9,2017,2,27,"Tasman",172.8973,-40.7549
"1006","N",10,2017,2,15,"Tasman",172.8973,-40.7549
"1007","N",11,2017,2,35,"Tasman",172.8973,-40.7549
"1008","N",12,2017,2,40,"Tasman",172.8973,-40.7549
"1009","N",1,2018,2,24,"Tasman",172.8973,-40.7549
"1010","N",2,2018,2,33,"Tasman",172.8973,-40.7549
"1011","N",3,2018,2,29,"Tasman",172.8973,-40.7549
"1012","N",4,2018,2,6,"Tasman",172.8973,-40.7549
"1013","N",5,2018,2,38,"Tasman",172.8973,-40.7549
"1014","N",6,2018,2,24,"Tasman",172.8973,-40.7549
"1015","N",7,2018,2,44,"Tasman",172.8973,-40.7549
"1016","N",8,2018,2,47,"Tasman",172.8973,-40.7549
"1017","N",9,2018,2,14,"Tasman",172.8973,-40.7549
"1018","N",10,2018,2,46,"Tasman",172.8973,-40.7549
"1019","N",11,2018,2,47,"Tasman",172.8973,-40.7549
"1020","N",12,2018,2,31,"Tasman",172.8973,-40.7549
"1021","N",1,2019,2,20,"Tasman",172.8973,-40.7549
"1022","N",2,2019,2,26,"Tasman",172.8973,-40.7549
"1023","N",3,2019,2,6,"Tasman",172.8973,-40.7549
"1024","N",4,2019,2,7,"Tasman",172.8973,-40.7549
"1025","N",5,2019,2,5,"Tasman",172.8973,-40.7549
"1026","N",6,2019,2,35,"Tasman",172.8973,-40.7549
"1027","N",7,2019,2,7,"Tasman",172.8973,-40.7549
"1028","N",8,2019,2,38,"Tasman",172.8973,-40.7549
"1029","N",9,2019,2,39,"Tasman",172.8973,-40.7549
"1030","N",10,2019,2,6,"Tasman",172.8973,-40.7549
"1031","N",11,2019,2,28,"Tasman",172.8973,-40.7549
"1032","N",12,2019,2,17,"Tasman",172.8973,-40.7549
"1033","N",1,2020,2,19,"Tasman",172.8973,-40.7549
"1034","N",2,2020,2,33,"Tasman",172.8973,-40.7549
"1035","N",3,2020,2,23,"Tasman",172.8973,-40.7549
"1036","N",4,2020,2,6,"Tasman",172.8973,-40.7549
"1037","N",5,2020,2,0,"Tasman",172.8973,-40.7549
"1038","N",6,2020,2,44,"Tasman",172.8973,-40.7549
"1039","N",7,2020,2,3,"Tasman",172.8973,-40.7549
"1040","N",8,2020,2,28,"Tasman",172.8973,-40.7549
"1041","N",9,2020,2,26,"Tasman",172.8973,-40.7549
"1042","N",10,2020,2,27,"Tasman",172.8973,-40.7549
"1043","N",11,2020,2,48,"Tasman",172.8973,-40.7549
"1044","N",12,2020,2,36,"Tasman",172.8973,-40.7549
"1045","O",1,2016,3,29,"Nelson",173.283966,-41.270634
"1046","O",2,2016,3,9,"Nelson",173.283966,-41.270634
"1047","O",3,2016,3,49,"Nelson",173.283966,-41.270634
"1048","O",4,2016,3,45,"Nelson",173.283966,-41.270634
"1049","O",5,2016,3,42,"Nelson",173.283966,-41.270634
"1050","O",6,2016,3,34,"Nelson",173.283966,-41.270634
"1051","O",7,2016,3,33,"Nelson",173.283966,-41.270634
"1052","O",8,2016,3,29,"Nelson",173.283966,-41.270634
"1053","O",9,2016,3,36,"Nelson",173.283966,-41.270634
"1054","O",10,2016,3,33,"Nelson",173.283966,-41.270634
"1055","O",11,2016,3,27,"Nelson",173.283966,-41.270634
"1056","O",12,2016,3,40,"Nelson",173.283966,-41.270634
"1057","O",1,2017,3,35,"Nelson",173.283966,-41.270634
"1058","O",2,2017,3,3,"Nelson",173.283966,-41.270634
"1059","O",3,2017,3,25,"Nelson",173.283966,-41.270634
"1060","O",4,2017,3,3,"Nelson",173.283966,-41.270634
"1061","O",5,2017,3,31,"Nelson",173.283966,-41.270634
"1062","O",6,2017,3,19,"Nelson",173.283966,-41.270634
"1063","O",7,2017,3,31,"Nelson",173.283966,-41.270634
"1064","O",8,2017,3,11,"Nelson",173.283966,-41.270634
"1065","O",9,2017,3,42,"Nelson",173.283966,-41.270634
"1066","O",10,2017,3,20,"Nelson",173.283966,-41.270634
"1067","O",11,2017,3,45,"Nelson",173.283966,-41.270634
"1068","O",12,2017,3,11,"Nelson",173.283966,-41.270634
"1069","O",1,2018,3,8,"Nelson",173.283966,-41.270634
"1070","O",2,2018,3,24,"Nelson",173.283966,-41.270634
"1071","O",3,2018,3,21,"Nelson",173.283966,-41.270634
"1072","O",4,2018,3,19,"Nelson",173.283966,-41.270634
"1073","O",5,2018,3,34,"Nelson",173.283966,-41.270634
"1074","O",6,2018,3,39,"Nelson",173.283966,-41.270634
"1075","O",7,2018,3,4,"Nelson",173.283966,-41.270634
"1076","O",8,2018,3,35,"Nelson",173.283966,-41.270634
"1077","O",9,2018,3,20,"Nelson",173.283966,-41.270634
"1078","O",10,2018,3,33,"Nelson",173.283966,-41.270634
"1079","O",11,2018,3,1,"Nelson",173.283966,-41.270634
"1080","O",12,2018,3,21,"Nelson",173.283966,-41.270634
"1081","O",1,2019,3,43,"Nelson",173.283966,-41.270634
"1082","O",2,2019,3,8,"Nelson",173.283966,-41.270634
"1083","O",3,2019,3,41,"Nelson",173.283966,-41.270634
"1084","O",4,2019,3,12,"Nelson",173.283966,-41.270634
"1085","O",5,2019,3,38,"Nelson",173.283966,-41.270634
"1086","O",6,2019,3,5,"Nelson",173.283966,-41.270634
"1087","O",7,2019,3,34,"Nelson",173.283966,-41.270634
"1088","O",8,2019,3,4,"Nelson",173.283966,-41.270634
"1089","O",9,2019,3,14,"Nelson",173.283966,-41.270634
"1090","O",10,2019,3,7,"Nelson",173.283966,-41.270634
"1091","O",11,2019,3,37,"Nelson",173.283966,-41.270634
"1092","O",12,2019,3,47,"Nelson",173.283966,-41.270634
"1093","O",1,2020,3,6,"Nelson",173.283966,-41.270634
"1094","O",2,2020,3,39,"Nelson",173.283966,-41.270634
"1095","O",3,2020,3,38,"Nelson",173.283966,-41.270634
"1096","O",4,2020,3,8,"Nelson",173.283966,-41.270634
"1097","O",5,2020,3,39,"Nelson",173.283966,-41.270634
"1098","O",6,2020,3,30,"Nelson",173.283966,-41.270634
"1099","O",7,2020,3,15,"Nelson",173.283966,-41.270634
"1100","O",8,2020,3,5,"Nelson",173.283966,-41.270634
"1101","O",9,2020,3,5,"Nelson",173.283966,-41.270634
"1102","O",10,2020,3,27,"Nelson",173.283966,-41.270634
"1103","O",11,2020,3,21,"Nelson",173.283966,-41.270634
"1104","O",12,2020,3,40,"Nelson",173.283966,-41.270634
"1105","P",1,2016,2,32,"Marlborough",173.666664,-41.8833298
"1106","P",2,2016,2,39,"Marlborough",173.666664,-41.8833298
"1107","P",3,2016,2,4,"Marlborough",173.666664,-41.8833298
"1108","P",4,2016,2,28,"Marlborough",173.666664,-41.8833298
"1109","P",5,2016,2,13,"Marlborough",173.666664,-41.8833298
"1110","P",6,2016,2,24,"Marlborough",173.666664,-41.8833298
"1111","P",7,2016,2,24,"Marlborough",173.666664,-41.8833298
"1112","P",8,2016,2,23,"Marlborough",173.666664,-41.8833298
"1113","P",9,2016,2,39,"Marlborough",173.666664,-41.8833298
"1114","P",10,2016,2,16,"Marlborough",173.666664,-41.8833298
"1115","P",11,2016,2,26,"Marlborough",173.666664,-41.8833298
"1116","P",12,2016,2,43,"Marlborough",173.666664,-41.8833298
"1117","P",1,2017,2,3,"Marlborough",173.666664,-41.8833298
"1118","P",2,2017,2,37,"Marlborough",173.666664,-41.8833298
"1119","P",3,2017,2,2,"Marlborough",173.666664,-41.8833298
"1120","P",4,2017,2,7,"Marlborough",173.666664,-41.8833298
"1121","P",5,2017,2,37,"Marlborough",173.666664,-41.8833298
"1122","P",6,2017,2,24,"Marlborough",173.666664,-41.8833298
"1123","P",7,2017,2,3,"Marlborough",173.666664,-41.8833298
"1124","P",8,2017,2,46,"Marlborough",173.666664,-41.8833298
"1125","P",9,2017,2,38,"Marlborough",173.666664,-41.8833298
"1126","P",10,2017,2,40,"Marlborough",173.666664,-41.8833298
"1127","P",11,2017,2,24,"Marlborough",173.666664,-41.8833298
"1128","P",12,2017,2,42,"Marlborough",173.666664,-41.8833298
"1129","P",1,2018,2,44,"Marlborough",173.666664,-41.8833298
"1130","P",2,2018,2,37,"Marlborough",173.666664,-41.8833298
"1131","P",3,2018,2,36,"Marlborough",173.666664,-41.8833298
"1132","P",4,2018,2,18,"Marlborough",173.666664,-41.8833298
"1133","P",5,2018,2,19,"Marlborough",173.666664,-41.8833298
"1134","P",6,2018,2,46,"Marlborough",173.666664,-41.8833298
"1135","P",7,2018,2,41,"Marlborough",173.666664,-41.8833298
"1136","P",8,2018,2,7,"Marlborough",173.666664,-41.8833298
"1137","P",9,2018,2,11,"Marlborough",173.666664,-41.8833298
"1138","P",10,2018,2,39,"Marlborough",173.666664,-41.8833298
"1139","P",11,2018,2,48,"Marlborough",173.666664,-41.8833298
"1140","P",12,2018,2,20,"Marlborough",173.666664,-41.8833298
"1141","P",1,2019,2,19,"Marlborough",173.666664,-41.8833298
"1142","P",2,2019,2,37,"Marlborough",173.666664,-41.8833298
"1143","P",3,2019,2,10,"Marlborough",173.666664,-41.8833298
"1144","P",4,2019,2,46,"Marlborough",173.666664,-41.8833298
"1145","P",5,2019,2,41,"Marlborough",173.666664,-41.8833298
"1146","P",6,2019,2,34,"Marlborough",173.666664,-41.8833298
"1147","P",7,2019,2,2,"Marlborough",173.666664,-41.8833298
"1148","P",8,2019,2,30,"Marlborough",173.666664,-41.8833298
"1149","P",9,2019,2,31,"Marlborough",173.666664,-41.8833298
"1150","P",10,2019,2,39,"Marlborough",173.666664,-41.8833298
"1151","P",11,2019,2,44,"Marlborough",173.666664,-41.8833298
"1152","P",12,2019,2,22,"Marlborough",173.666664,-41.8833298
"1153","P",1,2020,2,9,"Marlborough",173.666664,-41.8833298
"1154","P",2,2020,2,33,"Marlborough",173.666664,-41.8833298
"1155","P",3,2020,2,29,"Marlborough",173.666664,-41.8833298
"1156","P",4,2020,2,39,"Marlborough",173.666664,-41.8833298
"1157","P",5,2020,2,43,"Marlborough",173.666664,-41.8833298
"1158","P",6,2020,2,45,"Marlborough",173.666664,-41.8833298
"1159","P",7,2020,2,43,"Marlborough",173.666664,-41.8833298
"1160","P",8,2020,2,37,"Marlborough",173.666664,-41.8833298
"1161","P",9,2020,2,43,"Marlborough",173.666664,-41.8833298
"1162","P",10,2020,2,27,"Marlborough",173.666664,-41.8833298
"1163","P",11,2020,2,44,"Marlborough",173.666664,-41.8833298
"1164","P",12,2020,2,19,"Marlborough",173.666664,-41.8833298
